{
    "version": "2.0.0",
    "tasks": [
        // ---------------------------
        // MinGW (g++) build task
        // ---------------------------
        {
            "type": "shell",
            "label": "Build AES DLL with g++",
            "command": "C:\\msys64\\mingw64\\bin\\g++.exe",
            "args": [
                "-shared",
                "-o", "${fileDirname}/${fileBasenameNoExtension}.dll",
                "-IE:\\Class\\HK1_25-26\\NT219\\cryptopp-8.9.0\\include", 
                "${file}",
                "-LE:\\Class\\HK1_25-26\\NT219\\cryptopp-8.9.0\\lib\\cryptopp\\gcc", 
                "-l:libcryptopp.a", 
                "-static-libgcc", "-static-libstdc++"
            ],
            "options": {
                "cwd": "${fileDirname}"
            },
            "problemMatcher": ["$gcc"],
            "group": {
                "kind": "build",
                "isDefault": true
            },
            "detail": "compiler: MinGW g++.exe"
        }
    ]
}
